Duration,x^0,x^1,x^2,x^3,x^4,x^5,x^6,x^7,y^0,y^1,y^2,y^3,y^4,y^5,y^6,y^7,z^0,z^1,z^2,z^3,z^4,z^5,z^6,z^7,yaw^0,yaw^1,yaw^2,yaw^3,yaw^4,yaw^5,yaw^6,yaw^7
3.38755,-0.893,0,0,0,0.116632,-0.070807,0.0152867,-0.00115842,0.066,0,0,0,6.93889e-18,-5.20417e-18,8.67362e-19,-5.42101e-20,0.78,0,0,0,-0.0050825,0.00361694,-0.000844331,6.48004e-05,0,0,0,0,0,0,0,0
0.628224,0.05,0.17614,-0.151,0.000819326,-0.0374379,-0.626411,1.80167,-1.16242,0.066,-1.91907e-17,7.98066e-18,1.41457e-17,0,0,-1.42109e-14,0,0.78,0.0167727,-0.00466065,-0.011586,0.771861,-3.5424,5.12905,-2.4526,0,0,0,0,0,0,0,0
0.795546,0.1,0.0199901,0.0295596,0.0315019,0.949306,-2.93138,3.04115,-1.07878,0.066,2.18198e-17,-6.85119e-18,-1.70277e-17,-8.88178e-16,3.55271e-15,-3.55271e-15,8.88178e-16,0.78,-0.0401839,-0.0380029,0.0104646,-1.01388,3.40712,-3.72695,1.36835,0,0,0,0,0,0,0,0
0.689843,0.15,0.0680296,0.00339499,0.000198992,-0.734712,2.69072,-3.27912,1.35598,0.066,-2.95517e-18,2.56019e-17,2.42354e-18,0,0,0,0,0.74,0.0034182,0.0557161,0.000874295,1.14774,-4.02287,4.75448,-1.92351,0,0,0,0,0,0,0,0
1.07142,0.2,0.104252,0.0487475,-0.00425455,0.552001,-1.61904,1.42822,-0.409958,0.066,-1.14035e-17,-1.1496e-18,1.82688e-17,2.22045e-16,-4.44089e-16,4.44089e-16,-1.11022e-16,0.77,0.0390161,-0.0314743,-0.00606279,-0.337636,0.788864,-0.616854,0.164154,0,0,0,0,0,0,0,0
