Duration,x^0,x^1,x^2,x^3,x^4,x^5,x^6,x^7,y^0,y^1,y^2,y^3,y^4,y^5,y^6,y^7,z^0,z^1,z^2,z^3,z^4,z^5,z^6,z^7,yaw^0,yaw^1,yaw^2,yaw^3,yaw^4,yaw^5,yaw^6,yaw^7
6.7029,-0.893,0,0,0,0.00684261,-0.00207856,0.000226975,-8.76899e-06,0.066,0,0,0,-2.1684e-18,8.13152e-19,-1.01644e-19,4.23516e-21,0.79,0,0,0,-0.000367921,0.000162128,-2.37383e-05,1.15465e-06,0,0,0,0,0,0,0,0
1.27193,0.05,0.123247,-0.0341133,-0.00286431,-0.0228938,-0.0305198,0.0547493,-0.0178216,0.066,3.55551e-17,-8.38949e-18,-3.9531e-18,-1.11022e-16,4.44089e-16,-2.22045e-16,2.77556e-17,0.79,-0.000951611,-0.00161716,0.00157753,0.0903822,-0.197895,0.138639,-0.0323479,0,0,0,0,0,0,0,0
1.3707,0.12,6.88535e-05,0.00824473,0.00754333,0.177102,-0.257742,0.134951,-0.0250918,0.066,-1.78135e-17,-5.29267e-19,5.43002e-18,1.11022e-16,-2.22045e-16,0,-2.77556e-17,0.78,-0.0328282,-0.00896244,0.00226346,-0.0777333,0.164491,-0.108679,0.0236818,0,0,0,0,0,0,0,0
1.11351,0.2,0.0933468,-0.00586796,-0.0132151,-0.119105,0.129926,-0.0313727,-0.00373462,0.066,7.99765e-18,-1.0268e-17,-2.37878e-18,-2.22045e-16,4.44089e-16,0,0,0.74,0.00221722,0.0120089,-0.00518667,0.117325,-0.276937,0.218461,-0.0579097,0,0,0,0,0,0,0,0
